pcd1,urban_rural
EC1A,Urban
EC1M,Urban
EC2V,Urban
EC2Y,Urban
EC1Y,Urban
EC2A,Urban
EC2M,Urban
EC2P,Urban
EC2R,Urban
E1,Urban
EC3A,Urban
EC3N,Urban
IG11,Urban
RM10,Urban
RM9,Urban
RM8,Urban
RM5,Urban
RM6,Urban
RM7,Urban
RM12,Urban
RM1,Urban
EN4,Urban
N14,Urban
N20,Urban
N11,Urban
NW9,Urban
HA8,Urban
NW7,Urban
NW11,Urban
NW2,Urban
NW4,Urban
NW3,Urban
N10,Urban
N12,Urban
EN5,Urban
EN6,Urban
N2,Urban
N6,Urban
N3,Urban
HA7,Urban
NW6,Urban
WD6,Urban
DA7,Urban
DA1,Urban
DA6,Urban
DA5,Urban
DA17,Urban
SE2,Urban
DA15,Urban
SE9,Urban
DA8,Urban
DA16,Urban
DA14,Urban
DA18,Urban
SE28,Urban
HA0,Urban
UB6,Urban
NW10,Urban
HA9,Urban
HA3,Urban
NW26,Urban
W9,Urban
N8,Urban
NW8,Urban
HA1,Urban
W10,Urban
BR1,Urban
BR7,Urban
BR2,Urban
TN16,Urban
CR3,Urban
CR6,Urban
BR6,Urban
BR3,Urban
BR5,Urban
TN14,Rural
SE20,Urban
SE26,Urban
BR8,Urban
SE19,Urban
BR4,Urban
SE12,Urban
CR0,Urban
W1A,Urban
W1P,Urban
W1T,Urban
WC1B,Urban
WC1E,Urban
WC1H,Urban
NW1,Urban
WC1N,Urban
WC1A,Urban
NW5,Urban
N7,Urban
N19,Urban
EC1N,Urban
EC4A,Urban
WC1R,Urban
WC1V,Urban
WC1X,Urban
WC2A,Urban
WC2B,Urban
EC1R,Urban
WC2E,Urban
WC2H,Urban
WC2N,Urban
WC2R,Urban
WC99,Urban
CM23,Urban
N1,Urban
N1C,Urban
CR2,Urban
CR7,Urban
CR8,Urban
CR9,Urban
CR90,Urban
SE25,Urban
CR4,Urban
SW16,Urban
CR5,Urban
W3,Urban
W13,Urban
W7,Urban
W11,Urban
W12,Urban
W5,Urban
UB1,Urban
W4,Urban
UB2,Urban
UB5,Urban
TW8,Urban
UB7,Urban
W2,Urban
UB18,Urban
N13,Urban
N22,Urban
N18,Urban
EN1,Urban
N9,Urban
N21,Urban
N4,Urban
EN2,Urban
EN7,Urban
EN8,Urban
EN3,Urban
EN9,Urban
N17,Urban
SE3,Urban
SE10,Urban
SE18,Urban
SE7,Urban
SE13,Urban
SE8,Urban
N5,Urban
E5,Urban
N16,Urban
E9,Urban
E8,Urban
E2,Urban
EC1V,Urban
E15,Urban
N15,Urban
E20,Urban
W14,Urban
W6,Urban
SW6,Urban
SW1P,Urban
SW10,Urban
N81,Urban
HA2,Urban
HA5,Urban
HA4,Urban
WD2,Urban
WD23,Urban
RM14,Urban
RM11,Urban
RM13,Urban
RM3,Urban
RM2,Urban
RM4,Urban
CM14,Urban
CM13,Urban
RM15,Urban
UB4,Urban
UB11,Urban
UB3,Urban
UB8,Urban
UB10,Urban
UB9,Urban
WD3,Urban
TW14,Urban
TW5,Urban
TW6,Urban
TW19,Urban
HA6,Urban
TW4,Urban
TW13,Urban
TW15,Urban
SW13,Urban
TW3,Urban
TW7,Urban
TW1,Urban
TW2,Urban
EC1P,Urban
EC2N,Urban
EC3M,Urban
EC3P,Urban
EC3R,Urban
EC3V,Urban
EC4M,Urban
EC4N,Urban
EC4P,Urban
EC4R,Urban
EC4V,Urban
EC4Y,Urban
EC50,Urban
W1B,Urban
W1C,Urban
W1G,Urban
W1H,Urban
W1J,Urban
W1K,Urban
W1S,Urban
W1U,Urban
W1W,Urban
N1P,Urban
SW18,Urban
SW5,Urban
W8,Urban
SW1X,Urban
SW3,Urban
SW7,Urban
SW9,Urban
SW1W,Urban
SW1H,Urban
KT5,Urban
KT6,Urban
KT4,Urban
KT3,Urban
KT1,Urban
KT2,Urban
KT9,Urban
KT19,Urban
KT18,Urban
KT22,Urban
SW20,Urban
SW15,Urban
KT7,Urban
TW10,Urban
SE1,Urban
SE11,Urban
SW2,Urban
SW4,Urban
SW12,Urban
SW8,Urban
SE24,Urban
SE5,Urban
SW99,Urban
SE21,Urban
SE27,Urban
SW95,Urban
SE6,Urban
SE23,Urban
SE14,Urban
SE4,Urban
SE16,Urban
SE15,Urban
SW19,Urban
SM4,Urban
SW17,Urban
SM3,Urban
E6,Urban
E16,Urban
E13,Urban
E3,Urban
E12,Urban
E7,Urban
IG6,Urban
IG2,Urban
IG4,Urban
IG5,Urban
IG1,Urban
IG8,Urban
IG9,Urban
E18,Urban
IG3,Urban
IG7,Urban
E11,Urban
SW14,Urban
TW11,Urban
TW12,Urban
KT8,Urban
TW9,Urban
SE99,Urban
SE17,Urban
SE22,Urban
SE1P,Urban
CR44,Urban
SM6,Urban
SM2,Urban
SM5,Urban
SM1,Urban
SM7,Urban
KT17,Urban
E14,Urban
E1W,Urban
E4,Urban
E98,Urban
E10,Urban
E17,Urban
SW11,Urban
SW1E,Urban
W1N,Urban
W1M,Urban
SW1V,Urban
W1R,Urban
W1,Urban
SW1A,Urban
SW1Y,Urban
W1D,Urban
W1V,Urban
W1X,Urban
W1Y,Urban
W1F,Urban
BL1,Urban
BL7,Urban
BL5,Urban
BL6,Urban
WN2,Urban
WN1,Urban
BL4,Urban
BL2,Urban
BL8,Urban
BL3,Urban
BL78,Urban
M28,Urban
M38,Urban
BL11,Urban
M29,Urban
M46,Urban
M26,Urban
M25,Urban
M45,Urban
BL9,Urban
M24,Urban
BL0,Urban
M21,Urban
M7,Urban
M8,Urban
M12,Urban
M13,Urban
M60,Urban
M18,Urban
M1,Urban
M23,Urban
WA15,Urban
M20,Urban
M22,Urban
M11,Urban
M35,Urban
M43,Urban
M9,Urban
M40,Urban
M33,Urban
M19,Urban
SK4,Urban
M10,Urban
M4,Urban
M3,Urban
M14,Urban
M16,Urban
M15,Urban
OL9,Urban
M90,Urban
SK10,Urban
SK9,Urban
OL8,Urban
OL4,Urban
OL1,Urban
OL2,Urban
OL3,Urban
OL6,Urban
OL11,Urban
OL95,Urban
OL5,Urban
OL16,Urban
OL12,Urban
OL15,Urban
OL10,Urban
OL14,Urban
M30,Urban
M5,Urban
M6,Urban
M44,Urban
WA3,Urban
M27,Urban
M50,Urban
SK6,Urban
SK14,Urban
SK5,Urban
SK1,Urban
SK3,Urban
SK2,Urban
SK8,Urban
SK7,Urban
SK22,Urban
SK12,Urban
OL7,Urban
SK15,Urban
M34,Urban
SK16,Urban
SK13,Urban
WA14,Urban
WA13,Urban
M31,Urban
M41,Urban
M17,Urban
M32,Urban
WN3,Urban
WN4,Urban
WN6,Urban
WN7,Urban
WA12,Urban
WN5,Urban
L28,Urban
L32,Urban
L33,Urban
L70,Urban
L26,Urban
L35,Urban
WA8,Urban
L36,Urban
L25,Urban
L24,Urban
L34,Urban
WA10,Urban
L30,Urban
L14,Urban
L31,Urban
L1,Urban
L16,Urban
L10,Urban
L69,Urban
L7,Urban
L8,Urban
L17,Urban
L19,Urban
L18,Urban
L6,Urban
L11,Urban
L4,Urban
L5,Urban
L15,Urban
L13,Urban
L12,Urban
L41,Urban
L3,Urban
L9,Urban
L67,Urban
L20,Urban
L27,Urban
L43,Urban
WA11,Urban
WA9,Urban
WA2,Urban
WA5,Urban
WN8,Urban
PR8,Urban
L23,Urban
L22,Urban
PR9,Urban
L21,Urban
L29,Urban
L68,Urban
L75,Urban
L37,Urban
L38,Urban
L71,Urban
L72,Urban
L80,Urban
CH61,Urban
CH63,Urban
L61,Urban
L63,Urban
CH42,Urban
L42,Urban
L62,Urban
CH43,Urban
L49,Urban
L46,Urban
CH41,Urban
CH44,Urban
L44,Urban
L45,Urban
CH62,Urban
CH32,Urban
CH60,Urban
CH64,Urban
L60,Urban
L64,Urban
L65,Urban
CH65,Urban
CH31,Urban
CH29,Urban
CH47,Urban
CH48,Urban
L47,Urban
L48,Urban
CH46,Urban
CH45,Urban
CH27,Urban
CH28,Urban
CH49,Urban
CH26,Urban
CH30,Urban
S70,Urban
S71,Urban
S73,Urban
S72,Urban
S75,Urban
S63,Urban
DN5,Urban
S74,Urban
S30,Urban
S35,Urban
S36,Urban
HD7,Urban
HD8,Rural
HD9,Urban
DN6,Urban
DN3,Urban
DN2,Urban
DN7,Urban
WF8,Urban
DN4,Urban
DN1,Urban
DN10,Rural
DN11,Rural
DN12,Urban
DN55,Urban
DN8,Urban
DN9,Rural
S64,Urban
S25,Urban
S26,Urban
S31,Urban
S65,Urban
S66,Urban
DN14,Rural
S80,Urban
S81,Urban
S60,Urban
S9,Urban
S61,Urban
S62,Urban
S95,Urban
S2,Urban
S1,Urban
S97,Urban
S8,Urban
S7,Urban
S17,Urban
S12,Urban
S5,Urban
S4,Urban
S6,Urban
S10,Urban
S11,Urban
S3,Urban
S96,Urban
S13,Urban
S32,Rural
S14,Urban
S19,Urban
S20,Urban
S21,Rural
NE8,Urban
NE10,Urban
NE11,Urban
DH3,Urban
NE38,Urban
DH2,Urban
NE21,Urban
NE16,Urban
NE39,Rural
NE40,Urban
NE17,Rural
NE42,Urban
NE9,Urban
NE41,Rural
NE30,Urban
DH9,Urban
NE15,Urban
DH98,Urban
NE82,Urban
NE83,Urban
NE85,Urban
NE88,Urban
NE92,Urban
NE98,Urban
NE4,Urban
NE3,Urban
NE5,Urban
NE6,Urban
NE7,Urban
NE13,Urban
NE1,Urban
NE2,Urban
NE33,Urban
NE99,Urban
NE28,Urban
NE20,Urban
NE12,Urban
NE23,Urban
NE29,Urban
NE27,Urban
NE25,Urban
NE26,Urban
NE34,Urban
NE32,Urban
NE31,Urban
NE35,Urban
NE36,Urban
SR6,Urban
SR5,Urban
NE37,Urban
SR1,Urban
SR4,Urban
SR3,Urban
SR2,Urban
DH5,Urban
DH4,Urban
SR9,Urban
SR7,Urban
SR43,Urban
NE89,Urban
B25,Urban
B26,Urban
B11,Urban
B10,Urban
B12,Urban
B27,Urban
B6,Urban
B19,Urban
B1,Urban
B2,Urban
B24,Urban
B3,Urban
B4,Urban
B5,Urban
B7,Urban
B99,Urban
B32,Urban
B29,Urban
B62,Urban
B31,Urban
B13,Urban
B14,Urban
B28,Urban
B47,Urban
B30,Urban
B38,Urban
B16,Urban
B15,Urban
B17,Urban
B23,Urban
B72,Urban
B20,Urban
B42,Urban
B36,Urban
B8,Urban
B34,Urban
B33,Urban
B35,Urban
B76,Urban
B22,Urban
B44,Urban
B73,Urban
B66,Urban
B18,Urban
B45,Urban
B9,Urban
B43,Urban
B68,Urban
B67,Urban
B21,Urban
B37,Urban
B92,Urban
B74,Urban
B75,Urban
CV6,Urban
CV5,Urban
CV7,Urban
CV3,Urban
CV1,Urban
CV4,Urban
CV8,Urban
CV2,Urban
DY5,Urban
DY8,Urban
DY9,Urban
B63,Urban
B64,Urban
DY2,Urban
DY1,Urban
DY6,Urban
DY4,Urban
WV14,Urban
DY3,Urban
WV4,Urban
B65,Urban
DY10,Urban
DY7,Rural
WV1,Urban
B69,Urban
B71,Urban
WS10,Urban
WS1,Urban
WS5,Urban
B70,Urban
B40,Urban
B46,Urban
B91,Urban
B93,Urban
B94,Rural
B90,Urban
WS9,Urban
WS4,Urban
WS8,Urban
WS2,Urban
WS3,Urban
WV12,Urban
WV13,Urban
WV11,Urban
WV2,Urban
WV3,Urban
WV10,Urban
WV7,Rural
WV9,Urban
WV6,Urban
WV8,Urban
WV98,Urban
WV16,Rural
BD17,Urban
BD16,Urban
LS20,Urban
BD21,Urban
BD97,Urban
BD15,Urban
BD9,Urban
BD13,Urban
BD22,Urban
BD18,Urban
BD2,Urban
BD3,Urban
BD1,Urban
BD10,Urban
BD4,Urban
BD5,Urban
BD14,Urban
BD8,Urban
BD20,Urban
LS29,Urban
LS27,Urban
BD7,Urban
BD99,Urban
BD6,Urban
LS19,Urban
BD12,Urban
HX3,Urban
LS21,Urban
BD11,Urban
HD6,Urban
HX5,Urban
HD5,Urban
WF14,Urban
HX2,Urban
HX7,Rural
HD2,Urban
HX1,Urban
HD3,Urban
HX4,Urban
BD19,Urban
HX6,Urban
HD1,Urban
HD4,Urban
WF12,Urban
WF17,Urban
WF3,Urban
WF13,Urban
WF15,Urban
WF16,Urban
WF4,Rural
WF5,Urban
WF1,Urban
LS18,Urban
LS12,Urban
LS13,Urban
LS4,Urban
LS5,Urban
LS15,Urban
LS25,Rural
WF10,Urban
LS26,Urban
LS14,Urban
LS23,Rural
LS24,Rural
LS17,Urban
LS11,Urban
LS28,Urban
LS9,Urban
LS8,Urban
LS1,Urban
LS7,Urban
LS2,Urban
LS3,Urban
LS10,Urban
LS16,Urban
LS6,Urban
LS98,Urban
LS88,Urban
LS99,Urban
WF2,Urban
LS22,Urban
WF6,Urban
WF7,Urban
WF9,Rural
WF11,Urban
WF90,Urban
TS25,Urban
TS26,Urban
TS24,Urban
TS22,Urban
TS27,Rural
TS23,Urban
TS5,Urban
TS17,Urban
TS1,Urban
TS3,Urban
TS7,Urban
TS4,Urban
TS8,Urban
TS9,Rural
TS2,Urban
TS90,Urban
TS6,Urban
TS12,Rural
TS13,Rural
TS10,Urban
TS14,Urban
TS11,Rural
TS19,Urban
TS21,Rural
TS20,Urban
TS16,Urban
TS18,Urban
TS15,Urban
DL2,Rural
DL1,Urban
DL3,Urban
DL4,Rural
DL5,Urban
DL98,Urban
WA7,Urban
WA88,Urban
WA4,Urban
WA1,Urban
WA55,Urban
BB1,Urban
BB0,Urban
BB2,Urban
PR1,Urban
BB3,Urban
PR6,Urban
BB6,Urban
FY5,Urban
FY2,Urban
FY1,Urban
FY4,Urban
FY3,Urban
FY8,Urban
FY6,Urban
HU5,Urban
HU3,Urban
HU6,Urban
HU8,Urban
HU4,Urban
HU7,Urban
HU9,Urban
HU1,Urban
HU12,Rural
HU2,Urban
HU11,Rural
HU13,Urban
HU17,Urban
YO25,Rural
YO4,Rural
YO43,Rural
YO16,Urban
YO15,Urban
HU16,Urban
HU20,Rural
HU10,Urban
HU15,Rural
YO11,Urban
HU14,Rural
YO8,Rural
YO42,Rural
HU18,Rural
YO41,Rural
HU19,Rural
YO95,Rural
DN35,Urban
DN31,Urban
DN32,Urban
DN37,Urban
DN36,Urban
DN40,Urban
DN41,Rural
DN39,Rural
DN33,Urban
DN34,Urban
LN3,Rural
LN7,Rural
LN8,Rural
DN16,Urban
DN17,Urban
DN18,Urban
DN19,Rural
DN15,Urban
DN20,Rural
DN38,Rural
DN21,Rural
YO2,Urban
YO26,Urban
YO1,Urban
YO24,Urban
YO23,Urban
YO3,Urban
YO30,Urban
YO31,Urban
YO91,Urban
YO19,Rural
YO10,Urban
YO32,Urban
YO6,Rural
YO5,Rural
YO60,Rural
DE1,Urban
DE22,Urban
DE3,Urban
DE23,Urban
DE2,Urban
DE21,Urban
DE24,Urban
DE7,Urban
DE73,Urban
DE72,Rural
LE4,Urban
LE2,Urban
LE3,Urban
LE7,Urban
LE41,Urban
LE1,Urban
LE5,Urban
LE15,Rural
PE9,Urban
LE16,Urban
NG7,Urban
NG1,Urban
NG80,Urban
NG8,Urban
NG5,Urban
NG6,Urban
NG3,Urban
NG2,Urban
NG11,Urban
NG4,Urban
NG90,Urban
HR1,Rural
HR4,Urban
HR8,Rural
HR2,Urban
HR6,Rural
SY8,Rural
HR7,Rural
WR15,Rural
WR6,Rural
HR3,Rural
HR5,Rural
WR13,Rural
NP7,Rural
WR14,Urban
HR9,Rural
NP25,Rural
NP5,Rural
GL17,Rural
LD8,Rural
SY7,Rural
GL18,Rural
TF1,Urban
TF6,Rural
TF3,Urban
TF10,Urban
TF2,Urban
TF7,Urban
TF4,Urban
TF9,Rural
SY4,Rural
TF13,Rural
TF5,Urban
TF8,Urban
TF11,Rural
TF12,Urban
WV99,Urban
ST2,Urban
ST1,Urban
ST9,Urban
ST3,Urban
ST4,Urban
ST6,Urban
ST8,Urban
ST7,Urban
ST12,Urban
ST5,Urban
ST11,Urban
BA1,Urban
BA2,Urban
BA11,Urban
BA15,Rural
BA3,Rural
BS14,Urban
BS18,Rural
BS39,Rural
BS40,Rural
BS41,Rural
BS31,Urban
BS2,Urban
BS6,Urban
BS7,Urban
BS1,Urban
BS99,Urban
BS11,Urban
BS10,Urban
BS13,Urban
BS3,Urban
BS4,Urban
BS8,Urban
BS15,Urban
BS5,Urban
BS16,Urban
BS9,Urban
BS34,Urban
BS19,Urban
BS48,Urban
BS25,Rural
BS28,Rural
BS29,Rural
BS24,Urban
BS26,Rural
BS21,Urban
BS49,Urban
BS20,Urban
BS23,Urban
BS22,Urban
BS12,Urban
BS32,Urban
BS35,Urban
BS30,Urban
BS17,Urban
SN14,Urban
GL12,Rural
BS37,Urban
GL9,Rural
BS80,Urban
BS36,Urban
GL13,Rural
PL5,Urban
PL6,Urban
PL1,Urban
PL3,Urban
PL4,Urban
PL2,Urban
PL7,Urban
PL9,Urban
PL95,Urban
TQ5,Urban
TQ3,Urban
TQ4,Urban
TQ2,Urban
TQ1,Urban
TQ12,Urban
BH5,Urban
BH6,Urban
BH7,Urban
BH1,Urban
BH2,Urban
BH3,Urban
BH8,Urban
BH10,Urban
BH11,Urban
BH9,Urban
BH4,Urban
BH13,Urban
BH12,Urban
BH17,Urban
BH18,Urban
BH14,Urban
BH21,Urban
BH15,Urban
BH16,Urban
SN2,Urban
SN25,Urban
SN26,Urban
SN3,Urban
SN6,Rural
SN1,Urban
SN5,Urban
SN38,Urban
SN4,Rural
SN99,Urban
SN17,Urban
SN8,Rural
PE6,Rural
PE3,Urban
PE4,Urban
PE1,Urban
PE2,Urban
PE13,Urban
PE8,Rural
PE5,Rural
PE17,Rural
PE7,Urban
CB1,Urban
CB2,Urban
CB23,Rural
PE99,Urban
LU2,Urban
LU3,Urban
LU1,Urban
LU4,Urban
HP23,Urban
SS9,Urban
SS0,Urban
SS1,Urban
SS2,Urban
SS99,Urban
SS22,Urban
SS3,Urban
SS4,Urban
RM16,Urban
RM19,Urban
RM17,Urban
SS16,Urban
SS17,Urban
SS12,Urban
RM18,Urban
RM20,Urban
ME4,Urban
ME1,Urban
ME2,Urban
ME7,Urban
ME5,Urban
ME8,Urban
ME3,Rural
ME9,Urban
ME99,Urban
SL5,Urban
GU19,Rural
GU20,Urban
RG12,Urban
RG42,Urban
GU17,Urban
GU47,Urban
GU15,Urban
RG11,Urban
RG45,Urban
RG40,Urban
GU46,Urban
SL4,Urban
RG26,Urban
RG7,Rural
RG15,Rural
RG19,Urban
RG8,Rural
RG3,Urban
RG31,Urban
RG30,Urban
RG16,Rural
RG18,Urban
RG13,Urban
RG14,Urban
RG20,Rural
OX12,Urban
RG17,Rural
RG1,Urban
RG4,Urban
RG2,Urban
RG6,Urban
SL1,Urban
SL2,Urban
SL3,Urban
SL6,Urban
SL95,Urban
SL0,Urban
SL7,Urban
SL8,Urban
TW18,Urban
RG10,Rural
RG9,Rural
RG41,Urban
RG5,Urban
MK1,Urban
MK2,Urban
MK3,Urban
MK4,Urban
MK5,Urban
MK77,Urban
MK13,Urban
MK14,Urban
MK12,Urban
MK11,Urban
MK9,Urban
MK6,Urban
MK15,Urban
MK17,Rural
MK7,Urban
MK16,Urban
MK19,Rural
NN7,Rural
MK8,Urban
MK10,Urban
MK46,Rural
MK43,Rural
NN8,Urban
NN9,Rural
MK98,Urban
BN3,Urban
BN1,Urban
BN52,Urban
BN2,Urban
BN4,Urban
BN41,Urban
BN88,Urban
BN6,Urban
BN50,Urban
BN51,Urban
BN45,Urban
BN42,Urban
PO3,Urban
PO4,Urban
PO5,Urban
PO1,Urban
PO2,Urban
PO6,Urban
PO7,Urban
PO17,Urban
SO1,Urban
SO15,Urban
SO9,Urban
SO14,Urban
SO2,Urban
SO16,Urban
SO17,Urban
SO18,Urban
SO19,Urban
SO3,Urban
SO4,Urban
SO45,Urban
PO33,Urban
PO35,Rural
PO36,Urban
PO30,Urban
PO31,Urban
PO38,Rural
PO41,Rural
PO32,Rural
PO39,Rural
PO40,Rural
PO37,Urban
PO34,Urban
MK45,Rural
SG15,Rural
SG18,Urban
SG16,Rural
SG17,Urban
LU5,Urban
MK44,Rural
PE19,Urban
SG19,Rural
SG7,Urban
SG8,Rural
SG5,Urban
LU7,Urban
MK41,Urban
MK40,Urban
MK42,Urban
NN10,Urban
NN29,Rural
PE18,Rural
PE28,Rural
LU95,Urban
AL3,Urban
LU6,Urban
AL5,Urban
HP4,Urban
HP22,Rural
HP18,Rural
HP21,Urban
HP27,Rural
HP20,Urban
OX33,Rural
OX5,Rural
OX9,Rural
MK18,Rural
HP19,Urban
HP17,Rural
OX27,Rural
OX6,Urban
NN13,Urban
HP16,Rural
HP6,Urban
HP7,Urban
HP5,Urban
HP8,Urban
SL9,Urban
HP9,Urban
HP15,Urban
HP10,Urban
HP11,Urban
HP12,Urban
HP13,Urban
HP14,Rural
OX14,Urban
OX11,Urban
OX2,Urban
OX49,Rural
OX39,Rural
CB21,Rural
CB22,Rural
CB24,Rural
CB25,Rural
CB3,Urban
CB4,Urban
CB5,Rural
CB10,Rural
CB8,Rural
CB6,Rural
CB7,Urban
IP28,Urban
PE38,Urban
PE14,Rural
PE26,Rural
PE15,Urban
PE16,Urban
PE12,Rural
PE29,Urban
PE27,Urban
CH2,Urban
CH3,Urban
WA6,Rural
CH1,Urban
CH70,Urban
CH4,Urban
CH88,Urban
CH99,Urban
CH66,Urban
CW6,Rural
SY14,Rural
SY13,Rural
L66,Urban
CW12,Urban
CW11,Urban
CW4,Rural
CW10,Urban
WA16,Rural
SK11,Urban
CW2,Urban
CW3,Rural
CW5,Urban
CW1,Urban
CW98,Urban
CH34,Urban
CH33,Urban
SK23,Rural
CW9,Urban
CW8,Urban
CW7,Urban
PL17,Rural
PL18,Rural
PL12,Urban
PL11,Rural
PL13,Rural
PL14,Rural
PL22,Rural
PL23,Rural
PL30,Rural
PL15,Rural
PL10,Rural
TR11,Urban
TR1,Urban
TR2,Rural
TR3,Rural
TR4,Rural
TR5,Rural
TR8,Rural
TR16,Urban
TR10,Urban
TR6,Rural
PL26,Rural
TR13,Rural
TR18,Urban
TR20,Rural
TR14,Urban
TR27,Rural
TR15,Urban
TR12,Rural
PL25,Urban
PL27,Rural
PL31,Urban
PL32,Rural
PL29,Rural
EX23,Rural
PL33,Rural
PL34,Rural
EX22,Rural
PL28,Rural
PL16,Rural
PL35,Rural
TR26,Rural
TR17,Rural
TR93,Rural
TR19,Rural
TR21,Rural
PL24,Rural
TR7,Urban
TR9,Rural
TR22,Rural
TR23,Rural
TR24,Rural
TR25,Rural
CA13,Rural
CA5,Rural
CA7,Rural
CA12,Rural
CA15,Rural
CA14,Urban
CA95,Urban
LA13,Urban
LA14,Urban
LA12,Rural
LA15,Rural
LA16,Urban
LA17,Rural
CA3,Urban
CA2,Urban
CA1,Urban
CA6,Rural
CA8,Rural
CA4,Rural
CA9,Rural
CA99,Urban
DG16,Rural
TD9,Urban
CA25,Rural
CA26,Rural
CA28,Urban
CA21,Rural
CA22,Rural
CA20,Rural
CA18,Rural
CA19,Rural
LA19,Rural
CA23,Rural
CA24,Rural
CA27,Rural
LA18,Rural
LA20,Rural
CA16,Rural
CA10,Rural
CA17,Rural
LA10,Rural
CA11,Urban
DL12,Rural
LA6,Rural
LA7,Rural
LA8,Rural
LA9,Urban
LA5,Rural
LA11,Rural
LA21,Rural
LA22,Rural
LA23,Rural
DE5,Urban
DE55,Urban
DE56,Rural
DE4,Rural
DE6,Rural
NG16,Urban
DE75,Urban
S43,Urban
S44,Urban
NG20,Urban
NG19,Urban
S42,Urban
S45,Urban
S41,Urban
S40,Urban
S49,Urban
DE45,Rural
S33,Rural
SK17,Rural
ST14,Rural
NG10,Urban
NG9,Urban
S18,Urban
DE11,Urban
DE65,Rural
LE6,Urban
LE65,Urban
DE13,Urban
DE12,Rural
DE15,Urban
DE14,Urban
EX13,Rural
EX10,Urban
EX12,Rural
EX15,Rural
EX5,Rural
EX9,Rural
EX2,Urban
EX3,Urban
EX24,Rural
EX14,Rural
EX4,Urban
EX8,Urban
EX11,Rural
TA3,Rural
DT7,Rural
TA20,Rural
EX1,Urban
EX20,Rural
EX6,Rural
EX17,Rural
EX16,Rural
TA21,Urban
TA4,Rural
TA22,Rural
EX18,Rural
EX31,Rural
EX36,Rural
EX32,Urban
EX33,Rural
EX37,Rural
EX34,Urban
EX35,Rural
EX39,Urban
TQ7,Rural
TQ9,Rural
PL21,Rural
TQ10,Rural
TQ6,Rural
PL20,Rural
TQ11,Rural
TQ13,Rural
PL8,Rural
TQ8,Rural
TQ14,Urban
EX7,Urban
EX38,Rural
EX21,Rural
EX19,Rural
PL19,Urban
BH23,Urban
BH22,Urban
BH24,Urban
SP6,Rural
BH31,Urban
SP5,Rural
DT11,Rural
DT2,Rural
BH20,Rural
BA8,Rural
DT10,Rural
DT9,Rural
SP8,Urban
SP7,Rural
BH19,Rural
DT1,Urban
DT8,Rural
BA21,Urban
BA22,Rural
DT6,Rural
TA18,Rural
DT3,Urban
DT4,Urban
DT5,Rural
DH1,Urban
DH7,Rural
DH8,Urban
DL13,Rural
DL16,Urban
DL15,Rural
DH6,Rural
DH97,Urban
DH99,Urban
DL17,Rural
TS29,Rural
SR8,Urban
SR88,Urban
TS28,Rural
DL14,Urban
DL10,Rural
DL11,Rural
BN22,Urban
BN21,Urban
BN23,Urban
BN20,Urban
TN37,Urban
TN38,Urban
TN34,Urban
TN35,Urban
TN40,Urban
BN7,Urban
BN8,Rural
RH15,Urban
RH16,Urban
RH17,Rural
TN22,Rural
BN10,Urban
BN9,Urban
BN25,Urban
TN32,Rural
TN33,Rural
TN31,Rural
TN36,Rural
TN39,Urban
TN19,Rural
TN21,Urban
TN18,Rural
BN24,Urban
TN5,Rural
BN26,Urban
BN27,Urban
TN20,Rural
TN6,Urban
TN7,Rural
RH18,Rural
RH19,Urban
TN3,Rural
TN8,Rural
TN2,Urban
CM11,Urban
CM12,Urban
CM4,Rural
SS14,Urban
SS15,Urban
SS13,Urban
SS7,Urban
SS11,Urban
SS6,Urban
CM7,Urban
CM77,Urban
CM8,Urban
CM3,Rural
CO6,Rural
CB9,Urban
CO9,Rural
CO5,Rural
CM9,Urban
CO10,Rural
CO8,Rural
CM15,Urban
CM5,Rural
SS8,Urban
CM1,Urban
CM2,Urban
CM6,Rural
CM99,Urban
CO2,Urban
CO3,Urban
CO1,Urban
CO4,Urban
CO7,Rural
CM16,Rural
CM18,Urban
CM19,Urban
IG10,Urban
CM17,Urban
CM22,Rural
EN10,Urban
EN11,Urban
CM21,Urban
CM20,Urban
CM92,Urban
CM0,Rural
SS5,Urban
CO15,Urban
CO11,Rural
CO16,Urban
CO12,Urban
CO13,Urban
CO14,Urban
CB11,Rural
CM24,Rural
GL52,Urban
GL50,Urban
GL51,Urban
GL54,Rural
GL53,Urban
GL7,Rural
GL6,Urban
GL8,Rural
GL56,Rural
OX7,Rural
GL55,Rural
WR11,Rural
WR12,Rural
GL4,Urban
OX18,Urban
OX8,Urban
GL15,Rural
GL14,Urban
GL16,Urban
GL19,Rural
GL2,Urban
NP16,Urban
NP6,Urban
GL3,Urban
GL1,Urban
GL10,Urban
GL5,Urban
GL11,Urban
GL20,Rural
WR8,Rural
RG24,Urban
RG27,Rural
RG21,Urban
RG25,Rural
RG22,Urban
RG28,Rural
SP11,Urban
RG23,Urban
SO21,Rural
GU34,Rural
SO24,Rural
RG29,Rural
GU10,Urban
GU35,Urban
GU30,Rural
GU26,Urban
GU27,Urban
PO8,Urban
GU31,Urban
GU32,Urban
GU33,Rural
SO23,Urban
PO9,Urban
SO5,Urban
SO50,Urban
SO30,Urban
SO32,Urban
SO31,Urban
SO53,Urban
SO52,Rural
SO22,Urban
PO16,Urban
PO14,Urban
PO15,Urban
PO13,Urban
PO12,Urban
GU13,Urban
GU14,Urban
GU51,Urban
GU52,Urban
PO10,Urban
PO11,Urban
SO40,Urban
SO51,Urban
BH25,Urban
SO41,Urban
SO43,Rural
SO42,Rural
GU16,Urban
GU11,Urban
GU12,Urban
SP10,Urban
SP4,Urban
SO20,Rural
SP9,Urban
SO25,Urban
SG13,Urban
HP1,Urban
HP2,Urban
HP3,Urban
WD4,Urban
WD5,Urban
SG9,Rural
SG11,Rural
AL6,Urban
SG14,Urban
SG2,Urban
SG3,Urban
SG12,Urban
AL9,Rural
SG10,Rural
WD7,Rural
AL2,Urban
WD25,Urban
WD1,Urban
WD19,Urban
AL4,Urban
SG4,Urban
SG1,Urban
SG6,Urban
AL1,Urban
WD18,Urban
WD17,Urban
WD24,Urban
WD99,Urban
AL7,Urban
AL8,Urban
AL10,Urban
TN24,Urban
TN23,Urban
TN17,Rural
TN26,Rural
TN27,Rural
TN30,Rural
TN25,Rural
ME13,Urban
CT4,Rural
ME17,Rural
CT3,Rural
CT1,Urban
CT2,Urban
CT5,Urban
CT6,Urban
CT7,Urban
DA2,Urban
DA4,Rural
DA9,Urban
DA13,Rural
DA3,Urban
DA10,Urban
DA11,Urban
CT15,Rural
CT16,Urban
CT17,Urban
CT18,Rural
CT13,Rural
CT14,Urban
DA12,Urban
TN15,Rural
ME16,Urban
ME18,Rural
ME14,Urban
ME15,Urban
TN12,Rural
ME20,Urban
TN13,Urban
TN11,Urban
TN29,Rural
CT21,Urban
CT19,Urban
CT20,Urban
CT50,Urban
TN28,Rural
ME10,Urban
ME12,Urban
ME11,Urban
CT10,Urban
CT9,Urban
CT11,Urban
CT12,Urban
CT8,Urban
TN10,Urban
TN9,Urban
ME19,Rural
ME6,Urban
TN1,Urban
TN4,Urban
BB10,Urban
BB11,Urban
BB12,Urban
PR7,Urban
PR5,Urban
PR25,Urban
L40,Rural
PR26,Urban
PR4,Urban
PR3,Rural
FY0,Urban
BB5,Urban
BB7,Rural
LA4,Urban
LA1,Urban
LA2,Rural
LA3,Urban
BB9,Urban
BB8,Urban
BB18,Urban
BB94,Urban
BD23,Rural
PR2,Urban
PR0,Urban
PR11,Urban
BB4,Urban
OL13,Urban
L39,Urban
FY7,Urban
LE8,Urban
LE9,Urban
LE87,Urban
LE18,Urban
LE10,Urban
LE19,Urban
LE17,Rural
LE21,Urban
LE95,Urban
LE12,Rural
LE67,Urban
LE11,Urban
LE14,Rural
LE94,Urban
CV13,Rural
CV10,Urban
CV11,Urban
CV9,Rural
NG13,Rural
NG32,Rural
LE13,Urban
NG33,Rural
B79,Urban
DE74,Rural
PE22,Rural
PE21,Urban
PE20,Rural
LN4,Rural
PE11,Urban
LN13,Rural
LN12,Urban
LN11,Rural
PE24,Rural
PE23,Rural
PE25,Urban
LN9,Rural
LN10,Rural
LN2,Urban
LN6,Urban
LN1,Urban
LN5,Urban
NG34,Rural
NG23,Rural
PE10,Urban
PE34,Rural
NG31,Urban
NR17,Urban
NR9,Rural
NR16,Rural
IP26,Rural
NR19,Urban
NR10,Rural
NR20,Rural
IP25,Rural
IP24,Urban
IP22,Rural
NR21,Rural
PE32,Rural
PE33,Rural
PE37,Rural
IP27,Rural
NR13,Rural
NR11,Rural
NR12,Rural
NR7,Urban
NR8,Urban
NR6,Urban
NR3,Urban
NR30,Urban
NR1,Urban
NR14,Rural
NR2,Urban
NR4,Urban
NR5,Urban
NR15,Rural
NR18,Urban
NR31,Urban
NR29,Rural
PE31,Rural
PE36,Rural
NR23,Rural
PE35,Rural
PE30,Urban
NR22,Rural
NR24,Rural
NR25,Rural
NR26,Rural
NR27,Rural
NR28,Urban
IP20,Rural
IP21,Rural
IP23,Rural
IP98,Urban
NR35,Rural
NR34,Rural
NN17,Urban
NN18,Urban
NN11,Urban
CV23,Rural
NN6,Rural
NN5,Urban
NN3,Urban
NN2,Urban
NN12,Rural
NN14,Rural
NN16,Urban
NN15,Urban
NN1,Urban
NN4,Urban
OX17,Rural
OX16,Urban
OX10,Rural
NE65,Rural
NE66,Rural
NE67,Rural
NE68,Rural
NE70,Rural
NE71,Rural
NE61,Rural
NE19,Rural
NE48,Rural
NE69,Rural
TD12,Rural
TD5,Rural
TD15,Urban
NE24,Urban
NE22,Urban
NE18,Rural
NE45,Rural
NE46,Rural
NE47,Rural
NE43,Rural
NE49,Rural
NE44,Rural
NE62,Rural
NE63,Urban
NE64,Rural
HG3,Rural
BD24,Rural
DL8,Rural
DL6,Urban
DL7,Rural
HG4,Urban
YO61,Rural
YO21,Urban
YO7,Rural
HG1,Urban
YO51,Rural
HG5,Urban
HG2,Urban
DL9,Urban
YO17,Rural
YO62,Rural
YO18,Rural
YO12,Urban
YO13,Rural
YO14,Rural
YO22,Urban
NG15,Urban
NG17,Urban
NG18,Urban
DN22,Urban
NG22,Rural
NG14,Rural
NG21,Urban
NG70,Urban
NG24,Urban
NG25,Rural
NG12,Rural
OX15,Rural
OX26,Urban
OX25,Rural
OX20,Rural
OX3,Urban
OX29,Rural
OX4,Urban
OX1,Urban
OX44,Rural
OX13,Rural
SN7,Rural
OX28,Urban
DY12,Rural
WV15,Rural
WV5,Urban
DY14,Rural
ST19,Rural
SY12,Rural
SY11,Rural
SY10,Rural
SY22,Rural
LL14,Urban
SY1,Urban
SY3,Urban
SY2,Urban
SY5,Rural
SY6,Rural
SY21,Rural
SY9,Rural
LD7,Rural
SY15,Rural
BA4,Rural
BA5,Rural
BA6,Rural
BA10,Rural
BA16,Urban
BA13,Urban
BS27,Rural
BA7,Rural
TA11,Rural
TA9,Urban
TA6,Urban
TA5,Rural
TA7,Rural
TA8,Urban
BA9,Rural
BA20,Urban
TA10,Rural
TA12,Rural
TA13,Rural
TA19,Rural
TA15,Rural
TA16,Rural
TA17,Rural
TA14,Rural
BA12,Urban
TA1,Urban
TA2,Urban
TA24,Urban
TA23,Rural
WS15,Urban
WS11,Urban
WS12,Urban
ST10,Rural
ST18,Rural
WS7,Urban
WS13,Urban
WS14,Urban
B78,Rural
ST55,Urban
ST21,Rural
WS6,Urban
DY11,Urban
ST17,Urban
ST15,Urban
ST20,Rural
ST16,Urban
ST13,Urban
B77,Urban
IP9,Rural
IP7,Rural
IP14,Rural
IP8,Urban
IP1,Urban
IP2,Urban
IP29,Rural
IP30,Rural
IP4,Urban
IP3,Urban
IP5,Urban
IP31,Rural
IP6,Rural
IP13,Rural
IP32,Urban
IP33,Urban
IP15,Rural
IP16,Rural
IP17,Rural
IP12,Rural
IP11,Urban
IP10,Urban
IP19,Rural
IP18,Rural
NR33,Urban
NR32,Urban
KT10,Urban
KT11,Urban
KT12,Urban
KT13,Urban
KT14,Urban
KT15,Urban
TW16,Urban
TW17,Urban
KT21,Urban
GU1,Urban
GU4,Urban
GU23,Rural
KT24,Urban
RH5,Rural
KT23,Urban
GU2,Urban
GU3,Urban
GU5,Urban
GU7,Urban
GU8,Rural
GU24,Urban
KT20,Urban
RH3,Rural
RH4,Urban
RH2,Urban
RH12,Urban
RH6,Urban
RH1,Urban
KT16,Urban
TW20,Urban
GU25,Urban
GU21,Urban
GU18,Urban
GU95,Urban
RH9,Rural
RH7,Rural
RH10,Urban
RH8,Urban
GU6,Urban
RH14,Rural
GU9,Urban
GU22,Urban
CV12,Urban
CV22,Urban
CV21,Urban
CV47,Rural
B49,Rural
B50,Rural
B96,Rural
B95,Rural
CV37,Urban
CV35,Rural
CV36,Rural
CV33,Rural
CV31,Urban
B80,Urban
B97,Urban
B98,Urban
B48,Rural
CV32,Urban
CV34,Urban
BN43,Urban
BN15,Urban
BN99,Urban
BN95,Urban
BN14,Urban
BN44,Rural
PO21,Urban
BN13,Urban
BN16,Urban
BN18,Urban
BN17,Urban
PO22,Urban
PO20,Urban
PO18,Urban
BN11,Urban
BN12,Urban
GU28,Rural
GU29,Rural
RH20,Rural
PO19,Urban
RH11,Urban
RH77,Urban
RH13,Urban
BN5,Rural
SN10,Rural
SN9,Rural
SN15,Urban
BA14,Urban
SN12,Urban
SN16,Rural
SN13,Urban
SN11,Urban
SP3,Rural
SP2,Urban
SP1,Urban
B60,Urban
B61,Urban
DY13,Urban
WR2,Urban
WR5,Urban
WR3,Urban
WR1,Urban
WR78,Urban
WR99,Urban
WR4,Urban
WR7,Rural
WR9,Urban
WR10,Rural
SL60,Urban
EC3B,Urban
LE55,Urban
NN99,Urban
YO90,Urban
CM98,Urban
DE99,Urban
S98,Urban
S99,Urban
BS98,Urban
BS77,Urban
M2,Urban
M52,Urban
M61,Urban
M99,Urban
BD98,Urban
EC88,Urban
L2,Urban
L73,Urban
L74,Urban
RM50,Urban
CH25,Urban
SY99,Urban
NR99,Urban
BS0,Urban
SO97,Urban
E77,Urban
NW1W,Urban
BT29,Rural
BT41,Urban
BT39,Rural
BT14,Urban
BT36,Urban
BT42,Rural
BT23,Urban
BT24,Rural
BT16,Urban
BT22,Rural
BT21,Urban
BT19,Urban
BT30,Rural
BT61,Rural
BT71,Rural
BT60,Rural
BT35,Rural
BT62,Rural
BT68,Rural
BT63,Rural
BT43,Urban
BT44,Rural
BT53,Rural
BT51,Rural
BT32,Urban
BT31,Rural
BT25,Rural
BT34,Rural
BT11,Urban
BT12,Urban
BT4,Urban
BT5,Urban
BT6,Urban
BT7,Urban
BT15,Urban
BT18,Urban
BT9,Urban
BT2,Urban
BT13,Urban
BT1,Urban
BT3,Urban
BT99,Urban
BT10,Urban
BT17,Urban
BT8,Urban
BT38,Urban
BT40,Urban
BT56,Urban
BT55,Urban
BT52,Urban
BT57,Rural
BT46,Rural
BT80,Rural
BT45,Rural
BT79,Rural
BT70,Rural
BT67,Rural
BT66,Urban
BT65,Urban
BT64,Urban
BT47,Rural
BT48,Urban
BT33,Urban
BT27,Urban
BT77,Rural
BT69,Rural
BT76,Rural
BT78,Rural
BT75,Rural
BT74,Urban
BT94,Rural
BT93,Rural
BT92,Rural
BT49,Rural
BT28,Urban
BT26,Rural
BT54,Urban
BT37,Urban
BT20,Urban
BT81,Rural
BT82,Rural
AB1,Urban
AB14,Urban
AB9,Urban
AB13,Urban
AB21,Urban
AB15,Urban
AB10,Urban
AB11,Urban
AB2,Urban
AB25,Urban
AB16,Urban
AB51,Urban
AB12,Urban
AB24,Urban
AB99,Urban
AB4,Urban
AB22,Urban
AB23,Rural
AB3,Urban
AB35,Rural
AB36,Rural
AB34,Rural
AB31,Urban
AB30,Rural
DD10,Urban
DD9,Urban
AB39,Urban
AB33,Rural
AB5,Urban
AB52,Rural
AB32,Urban
AB41,Rural
AB53,Rural
AB54,Urban
AB42,Urban
AB45,Rural
AB44,Urban
AB43,Urban
DD2,Urban
DD3,Urban
DD4,Urban
DD5,Urban
DD7,Urban
DD1,Urban
DD11,Urban
DD8,Urban
PH12,Rural
PA77,Rural
PA78,Rural
PA72,Rural
PA75,Rural
PA66,Rural
PA76,Rural
PA64,Rural
PA65,Rural
PA34,Urban
PA37,Rural
PA38,Rural
PA35,Rural
PA33,Rural
PA36,Rural
PA32,Rural
PA31,Rural
PA30,Rural
PA29,Rural
PA60,Rural
PA61,Rural
PA44,Rural
PA48,Rural
PA49,Rural
PA42,Rural
PA45,Rural
PA46,Rural
PA43,Rural
PA28,Urban
PA20,Urban
PA21,Rural
PA23,Urban
PA24,Rural
PA27,Rural
G83,Urban
PA22,Urban
G84,Urban
G82,Urban
FK10,Urban
FK11,Rural
FK12,Urban
FK13,Urban
FK14,Rural
DG9,Urban
DG8,Rural
DG7,Rural
DG6,Urban
DG5,Urban
DG2,Urban
DG4,Rural
DG3,Rural
DG11,Rural
DG1,Urban
DG10,Rural
DG13,Rural
DG14,Rural
DG12,Rural
DD6,Urban
KA18,Urban
KA6,Rural
KA5,Rural
KA16,Rural
KA4,Urban
KA3,Urban
KA17,Urban
KA1,Urban
KA2,Rural
KA10,Urban
G62,Urban
G61,Urban
G64,Urban
G66,Urban
G68,Urban
G65,Urban
EH21,Urban
EH32,Urban
EH33,Urban
EH34,Rural
EH35,Urban
EH41,Urban
EH39,Urban
EH31,Rural
EH40,Rural
EH42,Urban
TD13,Urban
G78,Urban
G53,Urban
G46,Urban
G77,Urban
G76,Urban
G44,Urban
G43,Urban
EH14,Urban
EH27,Rural
EH6,Urban
EH13,Urban
EH11,Urban
EH12,Urban
EH1,Urban
EH10,Urban
EH17,Urban
EH16,Urban
EH9,Urban
EH8,Urban
EH3,Urban
EH2,Urban
EH7,Urban
EH99,Urban
EH15,Urban
EH5,Urban
EH4,Urban
EH29,Urban
EH30,Urban
EH91,Urban
EH95,Urban
EH77,Urban
EH28,Urban
HS9,Rural
PA80,Rural
HS8,Rural
HS7,Rural
PA88,Rural
PA82,Rural
HS6,Rural
HS3,Rural
HS4,Rural
PA86,Rural
HS2,Rural
HS1,Urban
PA87,Urban
HS5,Urban
FK6,Urban
FK4,Urban
FK1,Urban
FK2,Urban
FK5,Urban
FK3,Urban
EH49,Urban
EH51,Urban
KY12,Urban
KY11,Urban
KY99,Urban
KY4,Urban
KY5,Urban
KY3,Urban
KY2,Urban
KY1,Urban
KY6,Urban
KY7,Urban
KY8,Urban
KY9,Rural
KY15,Urban
KY14,Rural
KY13,Rural
KY16,Urban
KY10,Rural
G58,Urban
G59,Urban
G52,Urban
G51,Urban
G32,Urban
G41,Urban
G5,Urban
G42,Urban
G2,Urban
G45,Urban
G73,Urban
G40,Urban
G4,Urban
G1,Urban
G11,Urban
G31,Urban
G69,Urban
G72,Urban
G71,Urban
G34,Urban
G33,Urban
G21,Urban
G22,Urban
G90,Urban
G3,Urban
G80,Urban
G9,Urban
G12,Urban
G20,Urban
G23,Urban
G14,Urban
G13,Urban
G15,Urban
PH36,Rural
PH39,Rural
PH41,Rural
PH33,Urban
PH37,Rural
PH38,Rural
PH49,Rural
PA39,Rural
PA40,Rural
PH26,Rural
PH50,Rural
PH20,Rural
PH31,Rural
PH34,Rural
PH35,Rural
PH19,Rural
PH21,Rural
PH22,Rural
PH24,Rural
PH23,Rural
PH25,Rural
IV12,Urban
IV13,Rural
IV1,Urban
IV2,Urban
IV3,Urban
IV63,Rural
IV99,Urban
IV4,Rural
IV5,Rural
IV6,Rural
PH32,Rural
IV40,Rural
IV52,Rural
IV41,Rural
IV45,Rural
IV42,Rural
IV49,Rural
IV47,Rural
IV43,Rural
IV44,Rural
IV51,Rural
IV55,Rural
IV56,Rural
IV21,Rural
IV22,Rural
IV54,Rural
IV26,Rural
IV23,Rural
IV27,Rural
IV7,Rural
IV14,Rural
IV15,Urban
IV17,Urban
IV16,Rural
IV18,Urban
IV10,Rural
IV9,Rural
IV8,Rural
IV11,Rural
IV19,Urban
IV20,Rural
IV24,Rural
IV25,Rural
IV28,Rural
KW10,Rural
KW9,Rural
KW8,Rural
KW5,Rural
KW7,Rural
KW3,Rural
KW1,Urban
KW14,Urban
KW12,Rural
KW11,Rural
PA13,Urban
PA14,Urban
PA11,Urban
PA15,Urban
PA16,Urban
PA18,Urban
PA19,Urban
PA17,Urban
EH26,Urban
EH25,Rural
EH20,Urban
EH19,Urban
EH18,Rural
EH24,Urban
EH22,Urban
EH23,Urban
EH37,Rural
EH38,Rural
AB37,Rural
AB38,Rural
IV34,Rural
IV35,Rural
IV33,Rural
AB55,Urban
AB56,Urban
IV32,Rural
IV30,Urban
IV31,Urban
IV36,Urban
KA27,Rural
KA11,Urban
KA12,Urban
KA13,Urban
KA20,Urban
KA21,Urban
KA22,Urban
KA23,Urban
KA24,Urban
KA25,Urban
KA29,Rural
KA30,Urban
KA28,Rural
KA14,Urban
KA15,Urban
ML2,Urban
ML1,Urban
ML7,Urban
ML6,Urban
ML4,Urban
ML5,Urban
G67,Urban
G70,Urban
KW16,Rural
KW15,Urban
KW17,Rural
FK15,Urban
PH4,Rural
PH3,Urban
PH5,Rural
PH7,Urban
PH6,Rural
PH1,Urban
PH2,Urban
PH14,Rural
PH13,Rural
PH11,Rural
PH10,Urban
PH18,Rural
PH8,Rural
PH9,Rural
PH16,Rural
PH15,Rural
PH17,Rural
PA12,Rural
PA9,Rural
PA5,Urban
PA2,Urban
PA4,Urban
PA7,Urban
PA8,Urban
PA3,Urban
PA6,Urban
PA10,Urban
PA1,Urban
EH46,Rural
EH45,Urban
ML12,Rural
EH44,Urban
TD1,Urban
EH43,Rural
TD4,Rural
TD6,Rural
TD2,Rural
TD10,Rural
TD11,Rural
TD3,Rural
TD14,Urban
TD8,Urban
TD7,Urban
ZE2,Rural
ZE3,Rural
ZE1,Urban
KA26,Urban
KA19,Rural
KA7,Urban
KA8,Urban
KA9,Urban
ML11,Rural
ML8,Urban
ML9,Urban
ML10,Urban
ML3,Urban
G75,Urban
G74,Urban
G79,Urban
G63,Rural
FK8,Urban
FK7,Urban
FK9,Urban
FK16,Rural
FK17,Urban
FK18,Urban
FK19,Rural
FK20,Rural
FK21,Rural
G81,Urban
G60,Urban
EH47,Urban
EH55,Urban
EH54,Urban
EH53,Urban
EH52,Urban
EH48,Urban
LL66,Rural
LL67,Rural
LL68,Rural
LL71,Rural
LL69,Rural
LL58,Rural
LL62,Rural
LL65,Rural
LL77,Rural
LL61,Rural
LL63,Rural
LL73,Rural
LL74,Rural
LL78,Rural
LL59,Rural
LL64,Rural
LL72,Rural
LL75,Rural
LL76,Rural
LL70,Rural
LL60,Rural
LL53,Rural
LL33,Rural
LL57,Urban
LL23,Rural
LL55,Rural
LL56,Rural
LL54,Rural
LL41,Rural
LL40,Rural
LL42,Rural
SY20,Rural
LL52,Rural
LL49,Rural
LL51,Rural
LL37,Rural
LL38,Rural
LL39,Rural
LL46,Rural
LL47,Rural
LL48,Rural
LL21,Rural
LL36,Rural
LL35,Rural
LL24,Rural
LL25,Rural
LL27,Rural
LL16,Rural
LL22,Urban
LL28,Urban
LL29,Urban
LL34,Rural
LL32,Urban
LL30,Urban
LL26,Rural
LL31,Urban
LL18,Urban
LL17,Rural
LL19,Urban
LL15,Rural
CH7,Urban
LL11,Urban
LL20,Rural
CH8,Rural
CH5,Urban
CH6,Urban
LL12,Urban
LL13,Urban
SA9,Urban
LD1,Rural
SY17,Rural
SY18,Rural
SY19,Rural
LD2,Rural
LD3,Rural
LD5,Rural
SY16,Urban
LD4,Rural
LD6,Rural
SA11,Urban
NP8,Rural
SY25,Rural
SY23,Rural
CF44,Urban
SA10,Urban
SA46,Rural
SA48,Rural
SA43,Rural
SA35,Rural
SA37,Rural
SA41,Rural
SA42,Rural
SY24,Rural
SA38,Rural
SA44,Rural
SA39,Rural
SA45,Rural
SA47,Rural
SA40,Rural
SA34,Rural
SA67,Rural
SA69,Rural
SA62,Rural
SA73,Urban
SA61,Urban
SA68,Rural
SA70,Rural
SA72,Rural
SA36,Rural
SA63,Rural
SA65,Rural
SA66,Rural
SA64,Rural
SA71,Rural
SA31,Urban
SA32,Rural
SA33,Rural
SA18,Urban
SA14,Urban
SA15,Urban
SA16,Rural
SA19,Rural
SA20,Rural
SA17,Rural
SA4,Urban
SA3,Urban
SA1,Urban
SA7,Urban
SA2,Urban
SA5,Urban
SA6,Urban
SA80,Urban
SA13,Urban
SA8,Urban
SA99,Urban
SA12,Urban
CF33,Urban
CF32,Urban
CF35,Urban
CF39,Urban
CF31,Urban
CF34,Urban
CF36,Urban
CF7,Rural
CF72,Rural
CF6,Urban
CF62,Urban
CF63,Urban
CF11,Urban
CF64,Urban
CF71,Rural
CF5,Urban
CF1,Urban
CF61,Urban
CF37,Urban
CF45,Urban
CF38,Urban
CF40,Urban
CF43,Urban
CF15,Urban
CF4,Urban
CF41,Urban
CF42,Urban
CF48,Urban
CF46,Urban
CF8,Urban
CF83,Urban
CF47,Urban
CF81,Urban
NP12,Urban
NP2,Urban
NP1,Urban
NP11,Urban
CF82,Urban
NP13,Urban
NP3,Urban
NP22,Urban
NP24,Rural
NP10,Urban
CF14,Urban
CF3,Urban
NP23,Urban
NP4,Urban
NP44,Urban
NP18,Rural
NP9,Urban
NPT,Urban
NP26,Rural
NP15,Rural
NP20,Urban
NP19,Urban
CF23,Urban
CF2,Urban
CF24,Urban
CF10,Urban
CF91,Urban
CF30,Urban
CF99,Urban
LL43,Rural
LL44,Rural
LL45,Rural
CF95,Urban
